<?xml version="1.0"?>
<?xml-model href="http://physics.nist.gov/N42/2011/schematron/n42.sch"
			 type="application/xml"
			 schematypens="http://purl.oclc.org/dsdl/schematron"?>
<RadInstrumentData xmlns="http://physics.nist.gov/N42/2011/N42"
			 xmlns:xsi="http://www.w3.org/2001/XMLSchema-instance"
			 xsi:schemaLocation="http://physics.nist.gov/N42/2011/N42 http://physics.nist.gov/N42/2011/n42.xsd">
	<RadInstrumentDataCreatorName>D3S ID</RadInstrumentDataCreatorName>
	<RadInstrumentInformation id="RadInstrumentInformation-1">
		<RadInstrumentManufacturerName>Kromek</RadInstrumentManufacturerName>
		<RadInstrumentIdentifier>SGM200615</RadInstrumentIdentifier>
		<RadInstrumentModelName>D3S ID</RadInstrumentModelName>
		<RadInstrumentClassCode>Radionuclide Identifier</RadInstrumentClassCode>
		<RadInstrumentVersion>
			<RadInstrumentComponentName>Hardware</RadInstrumentComponentName>
			<RadInstrumentComponentVersion>D3S</RadInstrumentComponentVersion>
		</RadInstrumentVersion>
		<RadInstrumentVersion>
			<RadInstrumentComponentName>Firmware</RadInstrumentComponentName>
			<RadInstrumentComponentVersion>3.81</RadInstrumentComponentVersion>
		</RadInstrumentVersion>
		<RadInstrumentVersion>
			<RadInstrumentComponentName>Software</RadInstrumentComponentName>
			<RadInstrumentComponentVersion>2.6.1</RadInstrumentComponentVersion>
		</RadInstrumentVersion>
	</RadInstrumentInformation>
	<RadDetectorInformation id="RadDetectorInformation-1">
		<RadDetectorCategoryCode>Gamma</RadDetectorCategoryCode>
		<RadDetectorKindCode>CsI</RadDetectorKindCode>
		<RadDetectorDescription>Internal D3S Gamma Detector</RadDetectorDescription>
	</RadDetectorInformation>
	<RadDetectorInformation id="RadDetectorInformation-2">
		<RadDetectorCategoryCode>Neutron</RadDetectorCategoryCode>
		<RadDetectorKindCode>Other</RadDetectorKindCode>
		<RadDetectorDescription>Internal D3S Neutron Detector</RadDetectorDescription>
	</RadDetectorInformation>
	<EnergyCalibration id="EnergyCalibration-1">
		<CoefficientValues>2.92968750 5.85937500 0.00000000</CoefficientValues>
	</EnergyCalibration>
	<RadMeasurement id="RadMeasurement-1">
		<MeasurementClassCode>Foreground</MeasurementClassCode>
		<StartDateTime>2023-06-28T17:13:20-0400</StartDateTime>
		<RealTimeDuration>PT180S</RealTimeDuration>
		<Spectrum id="RadMeasurement-1-Spectrum-1"
				radDetectorInformationReference="RadDetectorInformation-1"
				energyCalibrationReference="EnergyCalibration-1">
			<LiveTimeDuration>PT180.54S</LiveTimeDuration>
			<ChannelData compressionCode="CountedZeroes">
				0 6 36 59 112 128 140 132 145 130 140 150 143 135 114 121 117 93 97 107 
				71 74 86 73 55 63 47 42 55 50 46 46 34 42 40 26 36 30 22 21 
				16 21 18 16 19 17 15 23 6 8 16 7 9 13 11 11 9 8 1 6 
				9 9 8 4 4 2 6 4 1 3 6 6 7 4 3 4 2 4 4 1 
				4 3 2 0 1 4 2 2 1 1 3 4 3 2 3 4 6 3 2 4 
				5 1 2 4 1 2 2 1 0 1 2 4 0 1 1 2 3 0 1 4 
				1 0 1 3 0 1 3 1 1 3 1 0 2 1 0 1 3 1 0 1 
				2 1 1 0 1 2 1 0 1 1 1 0 2 3 2 2 1 0 1 1 
				4 1 1 2 1 2 1 0 1 1 0 1 2 1 2 0 2 1 1 0 
				1 1 2 0 1 1 2 2 2 0 1 1 0 2 2 0 2 1 1 0 
				3 1 2 1 1 0 1 1 0 2 3 0 4 1 1 1 0 5 2 0 
				1 1 1 0 4 1 0 5 1 1 0 1 1 1 0 1 1 0 1 2 
				1 0 1 2 1 0 2 3 0 5 1 1 0 3 1 1 0 14 2 0 
				6 1 0 3 1 0 2 1 0 1 1 0 2 2 0 4 2 1 0 1 
				1 0 2 1 1 0 5 1 0 2 2 0 6 1 0 13 1 0 9 1 
				0 4 1 0 3 1 0 20 1 0 6 1 0 5 1 0 12 1 1 1 
				0 23 1 0 12 1 0 9 1 0 3 1 0 21 1 0 32 1 0 9 
			</ChannelData>
		</Spectrum>
		<DoseRate id="RadMeasurement-1-DoseRate-1"
				 radDetectorInformationReference="RadDetectorInformation-1">
			 <DoseRateValue>0.0</DoseRateValue>
		</DoseRate>
		<GrossCounts id="RadMeasurement-1-NeutronCount-1"
				radDetectorInformationReference="RadDetectorInformation-2">
			<LiveTimeDuration>PT180.54S</LiveTimeDuration>
			<CountData>2</CountData>
		</GrossCounts>
		<RadInstrumentState radInstrumentInformationReference="RadInstrumentInformation-1">
			<StateVector>
				<GeographicPoint>
					<LatitudeValue>34.704997</LatitudeValue>
					<LongitudeValue>-86.804514</LongitudeValue>
				</GeographicPoint>
			</StateVector>
		</RadInstrumentState>
	</RadMeasurement>
	<AnalysisResults id="AnalysisResults-1">
		<AnalysisAlgorithmName>PCS</AnalysisAlgorithmName>
		<AnalysisAlgorithmCreatorName>Physical Sciences Inc.</AnalysisAlgorithmCreatorName>
		<NuclideAnalysisResults>
			<Nuclide>
				<NuclideIdentifiedIndicator>false</NuclideIdentifiedIndicator>
			</Nuclide>
		</NuclideAnalysisResults>
	</AnalysisResults>
</RadInstrumentData>
